selection_rank,strategy_group,strategy,method_prefix,checkpoint,selected_episode,selected_x_value,selected_win_rate,selected_csv,selected_role,opponent,test_case,metric,tested_win_rate,landlord_win_rate,farmer_win_rate,games,landlord_wins,farmer_wins,landlord_method,landlord_up_method,landlord_down_method
approx_doufeature_buffer_mcadv#1,approx_doufeature_buffer_mcadv,mc_adv_buffer,approx_doufeature,/data/sea_disk0/qianlei/Codes/Fight-the-Landlord/approx_qlearning_checkpoints/approx_doufeature/approx_doufeature_logadp_mc_adv_buffer_1m/400000.pkl,400000.0,,0.651,approx_doufeature_buffer_td_mcadv_vs_rlcard_douzero_landlord.csv,landlord,rlcard,landlord,landlord_win_rate,0.666,0.666,0.334,500,333,167,approx_doufeature:/data/sea_disk0/qianlei/Codes/Fight-the-Landlord/approx_qlearning_checkpoints/approx_doufeature/approx_doufeature_logadp_mc_adv_buffer_1m/400000.pkl,rlcard,rlcard
approx_doufeature_buffer_mcadv#1,approx_doufeature_buffer_mcadv,mc_adv_buffer,approx_doufeature,/data/sea_disk0/qianlei/Codes/Fight-the-Landlord/approx_qlearning_checkpoints/approx_doufeature/approx_doufeature_logadp_mc_adv_buffer_1m/400000.pkl,400000.0,,0.651,approx_doufeature_buffer_td_mcadv_vs_rlcard_douzero_landlord.csv,landlord,rlcard,farmer1,farmer_win_rate,0.53,0.47,0.53,500,235,265,rlcard,approx_doufeature:/data/sea_disk0/qianlei/Codes/Fight-the-Landlord/approx_qlearning_checkpoints/approx_doufeature/approx_doufeature_logadp_mc_adv_buffer_1m/400000.pkl,rlcard
approx_doufeature_buffer_mcadv#1,approx_doufeature_buffer_mcadv,mc_adv_buffer,approx_doufeature,/data/sea_disk0/qianlei/Codes/Fight-the-Landlord/approx_qlearning_checkpoints/approx_doufeature/approx_doufeature_logadp_mc_adv_buffer_1m/400000.pkl,400000.0,,0.651,approx_doufeature_buffer_td_mcadv_vs_rlcard_douzero_landlord.csv,landlord,rlcard,farmer2,farmer_win_rate,0.518,0.482,0.518,500,241,259,rlcard,rlcard,approx_doufeature:/data/sea_disk0/qianlei/Codes/Fight-the-Landlord/approx_qlearning_checkpoints/approx_doufeature/approx_doufeature_logadp_mc_adv_buffer_1m/400000.pkl
approx_doufeature_buffer_mcadv#1,approx_doufeature_buffer_mcadv,mc_adv_buffer,approx_doufeature,/data/sea_disk0/qianlei/Codes/Fight-the-Landlord/approx_qlearning_checkpoints/approx_doufeature/approx_doufeature_logadp_mc_adv_buffer_1m/400000.pkl,400000.0,,0.651,approx_doufeature_buffer_td_mcadv_vs_rlcard_douzero_landlord.csv,landlord,rlcard,two_farmer,farmer_win_rate,0.508,0.492,0.508,500,246,254,rlcard,approx_doufeature:/data/sea_disk0/qianlei/Codes/Fight-the-Landlord/approx_qlearning_checkpoints/approx_doufeature/approx_doufeature_logadp_mc_adv_buffer_1m/400000.pkl,approx_doufeature:/data/sea_disk0/qianlei/Codes/Fight-the-Landlord/approx_qlearning_checkpoints/approx_doufeature/approx_doufeature_logadp_mc_adv_buffer_1m/400000.pkl
approx_doufeature_buffer_mcadv#1,approx_doufeature_buffer_mcadv,mc_adv_buffer,approx_doufeature,/data/sea_disk0/qianlei/Codes/Fight-the-Landlord/approx_qlearning_checkpoints/approx_doufeature/approx_doufeature_logadp_mc_adv_buffer_1m/400000.pkl,400000.0,,0.651,approx_doufeature_buffer_td_mcadv_vs_rlcard_douzero_landlord.csv,landlord,random,landlord,landlord_win_rate,0.906,0.906,0.094,500,453,47,approx_doufeature:/data/sea_disk0/qianlei/Codes/Fight-the-Landlord/approx_qlearning_checkpoints/approx_doufeature/approx_doufeature_logadp_mc_adv_buffer_1m/400000.pkl,random,random
approx_doufeature_buffer_mcadv#1,approx_doufeature_buffer_mcadv,mc_adv_buffer,approx_doufeature,/data/sea_disk0/qianlei/Codes/Fight-the-Landlord/approx_qlearning_checkpoints/approx_doufeature/approx_doufeature_logadp_mc_adv_buffer_1m/400000.pkl,400000.0,,0.651,approx_doufeature_buffer_td_mcadv_vs_rlcard_douzero_landlord.csv,landlord,random,farmer1,farmer_win_rate,0.798,0.202,0.798,500,101,399,random,approx_doufeature:/data/sea_disk0/qianlei/Codes/Fight-the-Landlord/approx_qlearning_checkpoints/approx_doufeature/approx_doufeature_logadp_mc_adv_buffer_1m/400000.pkl,random
approx_doufeature_buffer_mcadv#1,approx_doufeature_buffer_mcadv,mc_adv_buffer,approx_doufeature,/data/sea_disk0/qianlei/Codes/Fight-the-Landlord/approx_qlearning_checkpoints/approx_doufeature/approx_doufeature_logadp_mc_adv_buffer_1m/400000.pkl,400000.0,,0.651,approx_doufeature_buffer_td_mcadv_vs_rlcard_douzero_landlord.csv,landlord,random,farmer2,farmer_win_rate,0.906,0.094,0.906,500,47,453,random,random,approx_doufeature:/data/sea_disk0/qianlei/Codes/Fight-the-Landlord/approx_qlearning_checkpoints/approx_doufeature/approx_doufeature_logadp_mc_adv_buffer_1m/400000.pkl
approx_doufeature_buffer_mcadv#1,approx_doufeature_buffer_mcadv,mc_adv_buffer,approx_doufeature,/data/sea_disk0/qianlei/Codes/Fight-the-Landlord/approx_qlearning_checkpoints/approx_doufeature/approx_doufeature_logadp_mc_adv_buffer_1m/400000.pkl,400000.0,,0.651,approx_doufeature_buffer_td_mcadv_vs_rlcard_douzero_landlord.csv,landlord,random,two_farmer,farmer_win_rate,0.934,0.066,0.934,500,33,467,random,approx_doufeature:/data/sea_disk0/qianlei/Codes/Fight-the-Landlord/approx_qlearning_checkpoints/approx_doufeature/approx_doufeature_logadp_mc_adv_buffer_1m/400000.pkl,approx_doufeature:/data/sea_disk0/qianlei/Codes/Fight-the-Landlord/approx_qlearning_checkpoints/approx_doufeature/approx_doufeature_logadp_mc_adv_buffer_1m/400000.pkl
approx_doufeature_buffer_mcadv#2,approx_doufeature_buffer_mcadv,mc_adv_buffer,approx_doufeature,/data/sea_disk0/qianlei/Codes/Fight-the-Landlord/approx_qlearning_checkpoints/approx_doufeature/approx_doufeature_logadp_mc_adv_buffer_1m/700000.pkl,700000.0,,0.644,approx_doufeature_buffer_td_mcadv_vs_rlcard_douzero_landlord.csv,landlord,rlcard,landlord,landlord_win_rate,0.648,0.648,0.352,500,324,176,approx_doufeature:/data/sea_disk0/qianlei/Codes/Fight-the-Landlord/approx_qlearning_checkpoints/approx_doufeature/approx_doufeature_logadp_mc_adv_buffer_1m/700000.pkl,rlcard,rlcard
approx_doufeature_buffer_mcadv#2,approx_doufeature_buffer_mcadv,mc_adv_buffer,approx_doufeature,/data/sea_disk0/qianlei/Codes/Fight-the-Landlord/approx_qlearning_checkpoints/approx_doufeature/approx_doufeature_logadp_mc_adv_buffer_1m/700000.pkl,700000.0,,0.644,approx_doufeature_buffer_td_mcadv_vs_rlcard_douzero_landlord.csv,landlord,rlcard,farmer1,farmer_win_rate,0.554,0.446,0.554,500,223,277,rlcard,approx_doufeature:/data/sea_disk0/qianlei/Codes/Fight-the-Landlord/approx_qlearning_checkpoints/approx_doufeature/approx_doufeature_logadp_mc_adv_buffer_1m/700000.pkl,rlcard
approx_doufeature_buffer_mcadv#2,approx_doufeature_buffer_mcadv,mc_adv_buffer,approx_doufeature,/data/sea_disk0/qianlei/Codes/Fight-the-Landlord/approx_qlearning_checkpoints/approx_doufeature/approx_doufeature_logadp_mc_adv_buffer_1m/700000.pkl,700000.0,,0.644,approx_doufeature_buffer_td_mcadv_vs_rlcard_douzero_landlord.csv,landlord,rlcard,farmer2,farmer_win_rate,0.468,0.532,0.468,500,266,234,rlcard,rlcard,approx_doufeature:/data/sea_disk0/qianlei/Codes/Fight-the-Landlord/approx_qlearning_checkpoints/approx_doufeature/approx_doufeature_logadp_mc_adv_buffer_1m/700000.pkl
approx_doufeature_buffer_mcadv#2,approx_doufeature_buffer_mcadv,mc_adv_buffer,approx_doufeature,/data/sea_disk0/qianlei/Codes/Fight-the-Landlord/approx_qlearning_checkpoints/approx_doufeature/approx_doufeature_logadp_mc_adv_buffer_1m/700000.pkl,700000.0,,0.644,approx_doufeature_buffer_td_mcadv_vs_rlcard_douzero_landlord.csv,landlord,rlcard,two_farmer,farmer_win_rate,0.438,0.562,0.438,500,281,219,rlcard,approx_doufeature:/data/sea_disk0/qianlei/Codes/Fight-the-Landlord/approx_qlearning_checkpoints/approx_doufeature/approx_doufeature_logadp_mc_adv_buffer_1m/700000.pkl,approx_doufeature:/data/sea_disk0/qianlei/Codes/Fight-the-Landlord/approx_qlearning_checkpoints/approx_doufeature/approx_doufeature_logadp_mc_adv_buffer_1m/700000.pkl
approx_doufeature_buffer_mcadv#2,approx_doufeature_buffer_mcadv,mc_adv_buffer,approx_doufeature,/data/sea_disk0/qianlei/Codes/Fight-the-Landlord/approx_qlearning_checkpoints/approx_doufeature/approx_doufeature_logadp_mc_adv_buffer_1m/700000.pkl,700000.0,,0.644,approx_doufeature_buffer_td_mcadv_vs_rlcard_douzero_landlord.csv,landlord,random,landlord,landlord_win_rate,0.912,0.912,0.088,500,456,44,approx_doufeature:/data/sea_disk0/qianlei/Codes/Fight-the-Landlord/approx_qlearning_checkpoints/approx_doufeature/approx_doufeature_logadp_mc_adv_buffer_1m/700000.pkl,random,random
approx_doufeature_buffer_mcadv#2,approx_doufeature_buffer_mcadv,mc_adv_buffer,approx_doufeature,/data/sea_disk0/qianlei/Codes/Fight-the-Landlord/approx_qlearning_checkpoints/approx_doufeature/approx_doufeature_logadp_mc_adv_buffer_1m/700000.pkl,700000.0,,0.644,approx_doufeature_buffer_td_mcadv_vs_rlcard_douzero_landlord.csv,landlord,random,farmer1,farmer_win_rate,0.888,0.112,0.888,500,56,444,random,approx_doufeature:/data/sea_disk0/qianlei/Codes/Fight-the-Landlord/approx_qlearning_checkpoints/approx_doufeature/approx_doufeature_logadp_mc_adv_buffer_1m/700000.pkl,random
approx_doufeature_buffer_mcadv#2,approx_doufeature_buffer_mcadv,mc_adv_buffer,approx_doufeature,/data/sea_disk0/qianlei/Codes/Fight-the-Landlord/approx_qlearning_checkpoints/approx_doufeature/approx_doufeature_logadp_mc_adv_buffer_1m/700000.pkl,700000.0,,0.644,approx_doufeature_buffer_td_mcadv_vs_rlcard_douzero_landlord.csv,landlord,random,farmer2,farmer_win_rate,0.888,0.112,0.888,500,56,444,random,random,approx_doufeature:/data/sea_disk0/qianlei/Codes/Fight-the-Landlord/approx_qlearning_checkpoints/approx_doufeature/approx_doufeature_logadp_mc_adv_buffer_1m/700000.pkl
approx_doufeature_buffer_mcadv#2,approx_doufeature_buffer_mcadv,mc_adv_buffer,approx_doufeature,/data/sea_disk0/qianlei/Codes/Fight-the-Landlord/approx_qlearning_checkpoints/approx_doufeature/approx_doufeature_logadp_mc_adv_buffer_1m/700000.pkl,700000.0,,0.644,approx_doufeature_buffer_td_mcadv_vs_rlcard_douzero_landlord.csv,landlord,random,two_farmer,farmer_win_rate,0.942,0.058,0.942,500,29,471,random,approx_doufeature:/data/sea_disk0/qianlei/Codes/Fight-the-Landlord/approx_qlearning_checkpoints/approx_doufeature/approx_doufeature_logadp_mc_adv_buffer_1m/700000.pkl,approx_doufeature:/data/sea_disk0/qianlei/Codes/Fight-the-Landlord/approx_qlearning_checkpoints/approx_doufeature/approx_doufeature_logadp_mc_adv_buffer_1m/700000.pkl
approx_doufeature_buffer_mcadv#3,approx_doufeature_buffer_mcadv,mc_adv_buffer,approx_doufeature,/data/sea_disk0/qianlei/Codes/Fight-the-Landlord/approx_qlearning_checkpoints/approx_doufeature/approx_doufeature_logadp_mc_adv_buffer_1m/200000.pkl,200000.0,,0.642,approx_doufeature_buffer_td_mcadv_vs_rlcard_douzero_landlord.csv,landlord,rlcard,landlord,landlord_win_rate,0.632,0.632,0.368,500,316,184,approx_doufeature:/data/sea_disk0/qianlei/Codes/Fight-the-Landlord/approx_qlearning_checkpoints/approx_doufeature/approx_doufeature_logadp_mc_adv_buffer_1m/200000.pkl,rlcard,rlcard
approx_doufeature_buffer_mcadv#3,approx_doufeature_buffer_mcadv,mc_adv_buffer,approx_doufeature,/data/sea_disk0/qianlei/Codes/Fight-the-Landlord/approx_qlearning_checkpoints/approx_doufeature/approx_doufeature_logadp_mc_adv_buffer_1m/200000.pkl,200000.0,,0.642,approx_doufeature_buffer_td_mcadv_vs_rlcard_douzero_landlord.csv,landlord,rlcard,farmer1,farmer_win_rate,0.538,0.462,0.538,500,231,269,rlcard,approx_doufeature:/data/sea_disk0/qianlei/Codes/Fight-the-Landlord/approx_qlearning_checkpoints/approx_doufeature/approx_doufeature_logadp_mc_adv_buffer_1m/200000.pkl,rlcard
approx_doufeature_buffer_mcadv#3,approx_doufeature_buffer_mcadv,mc_adv_buffer,approx_doufeature,/data/sea_disk0/qianlei/Codes/Fight-the-Landlord/approx_qlearning_checkpoints/approx_doufeature/approx_doufeature_logadp_mc_adv_buffer_1m/200000.pkl,200000.0,,0.642,approx_doufeature_buffer_td_mcadv_vs_rlcard_douzero_landlord.csv,landlord,rlcard,farmer2,farmer_win_rate,0.502,0.498,0.502,500,249,251,rlcard,rlcard,approx_doufeature:/data/sea_disk0/qianlei/Codes/Fight-the-Landlord/approx_qlearning_checkpoints/approx_doufeature/approx_doufeature_logadp_mc_adv_buffer_1m/200000.pkl
approx_doufeature_buffer_mcadv#3,approx_doufeature_buffer_mcadv,mc_adv_buffer,approx_doufeature,/data/sea_disk0/qianlei/Codes/Fight-the-Landlord/approx_qlearning_checkpoints/approx_doufeature/approx_doufeature_logadp_mc_adv_buffer_1m/200000.pkl,200000.0,,0.642,approx_doufeature_buffer_td_mcadv_vs_rlcard_douzero_landlord.csv,landlord,rlcard,two_farmer,farmer_win_rate,0.526,0.474,0.526,500,237,263,rlcard,approx_doufeature:/data/sea_disk0/qianlei/Codes/Fight-the-Landlord/approx_qlearning_checkpoints/approx_doufeature/approx_doufeature_logadp_mc_adv_buffer_1m/200000.pkl,approx_doufeature:/data/sea_disk0/qianlei/Codes/Fight-the-Landlord/approx_qlearning_checkpoints/approx_doufeature/approx_doufeature_logadp_mc_adv_buffer_1m/200000.pkl
approx_doufeature_buffer_mcadv#3,approx_doufeature_buffer_mcadv,mc_adv_buffer,approx_doufeature,/data/sea_disk0/qianlei/Codes/Fight-the-Landlord/approx_qlearning_checkpoints/approx_doufeature/approx_doufeature_logadp_mc_adv_buffer_1m/200000.pkl,200000.0,,0.642,approx_doufeature_buffer_td_mcadv_vs_rlcard_douzero_landlord.csv,landlord,random,landlord,landlord_win_rate,0.908,0.908,0.092,500,454,46,approx_doufeature:/data/sea_disk0/qianlei/Codes/Fight-the-Landlord/approx_qlearning_checkpoints/approx_doufeature/approx_doufeature_logadp_mc_adv_buffer_1m/200000.pkl,random,random
approx_doufeature_buffer_mcadv#3,approx_doufeature_buffer_mcadv,mc_adv_buffer,approx_doufeature,/data/sea_disk0/qianlei/Codes/Fight-the-Landlord/approx_qlearning_checkpoints/approx_doufeature/approx_doufeature_logadp_mc_adv_buffer_1m/200000.pkl,200000.0,,0.642,approx_doufeature_buffer_td_mcadv_vs_rlcard_douzero_landlord.csv,landlord,random,farmer1,farmer_win_rate,0.89,0.11,0.89,500,55,445,random,approx_doufeature:/data/sea_disk0/qianlei/Codes/Fight-the-Landlord/approx_qlearning_checkpoints/approx_doufeature/approx_doufeature_logadp_mc_adv_buffer_1m/200000.pkl,random
approx_doufeature_buffer_mcadv#3,approx_doufeature_buffer_mcadv,mc_adv_buffer,approx_doufeature,/data/sea_disk0/qianlei/Codes/Fight-the-Landlord/approx_qlearning_checkpoints/approx_doufeature/approx_doufeature_logadp_mc_adv_buffer_1m/200000.pkl,200000.0,,0.642,approx_doufeature_buffer_td_mcadv_vs_rlcard_douzero_landlord.csv,landlord,random,farmer2,farmer_win_rate,0.9,0.1,0.9,500,50,450,random,random,approx_doufeature:/data/sea_disk0/qianlei/Codes/Fight-the-Landlord/approx_qlearning_checkpoints/approx_doufeature/approx_doufeature_logadp_mc_adv_buffer_1m/200000.pkl
approx_doufeature_buffer_mcadv#3,approx_doufeature_buffer_mcadv,mc_adv_buffer,approx_doufeature,/data/sea_disk0/qianlei/Codes/Fight-the-Landlord/approx_qlearning_checkpoints/approx_doufeature/approx_doufeature_logadp_mc_adv_buffer_1m/200000.pkl,200000.0,,0.642,approx_doufeature_buffer_td_mcadv_vs_rlcard_douzero_landlord.csv,landlord,random,two_farmer,farmer_win_rate,0.946,0.054,0.946,500,27,473,random,approx_doufeature:/data/sea_disk0/qianlei/Codes/Fight-the-Landlord/approx_qlearning_checkpoints/approx_doufeature/approx_doufeature_logadp_mc_adv_buffer_1m/200000.pkl,approx_doufeature:/data/sea_disk0/qianlei/Codes/Fight-the-Landlord/approx_qlearning_checkpoints/approx_doufeature/approx_doufeature_logadp_mc_adv_buffer_1m/200000.pkl
approx_doufeature_td#1,approx_doufeature_td,td_1m,approx_doufeature,/data/sea_disk0/qianlei/Codes/Fight-the-Landlord/approx_qlearning_checkpoints/approx_doufeature/approx_doufeature_logadp_td_1m/650016.pkl,650016.0,,0.619,approx_doufeature_td_mc_1m_vs_rlcard_douzero_landlord.csv,landlord,rlcard,landlord,landlord_win_rate,0.526,0.526,0.474,500,263,237,approx_doufeature:/data/sea_disk0/qianlei/Codes/Fight-the-Landlord/approx_qlearning_checkpoints/approx_doufeature/approx_doufeature_logadp_td_1m/650016.pkl,rlcard,rlcard
approx_doufeature_td#1,approx_doufeature_td,td_1m,approx_doufeature,/data/sea_disk0/qianlei/Codes/Fight-the-Landlord/approx_qlearning_checkpoints/approx_doufeature/approx_doufeature_logadp_td_1m/650016.pkl,650016.0,,0.619,approx_doufeature_td_mc_1m_vs_rlcard_douzero_landlord.csv,landlord,rlcard,farmer1,farmer_win_rate,0.548,0.452,0.548,500,226,274,rlcard,approx_doufeature:/data/sea_disk0/qianlei/Codes/Fight-the-Landlord/approx_qlearning_checkpoints/approx_doufeature/approx_doufeature_logadp_td_1m/650016.pkl,rlcard
approx_doufeature_td#1,approx_doufeature_td,td_1m,approx_doufeature,/data/sea_disk0/qianlei/Codes/Fight-the-Landlord/approx_qlearning_checkpoints/approx_doufeature/approx_doufeature_logadp_td_1m/650016.pkl,650016.0,,0.619,approx_doufeature_td_mc_1m_vs_rlcard_douzero_landlord.csv,landlord,rlcard,farmer2,farmer_win_rate,0.352,0.648,0.352,500,324,176,rlcard,rlcard,approx_doufeature:/data/sea_disk0/qianlei/Codes/Fight-the-Landlord/approx_qlearning_checkpoints/approx_doufeature/approx_doufeature_logadp_td_1m/650016.pkl
approx_doufeature_td#1,approx_doufeature_td,td_1m,approx_doufeature,/data/sea_disk0/qianlei/Codes/Fight-the-Landlord/approx_qlearning_checkpoints/approx_doufeature/approx_doufeature_logadp_td_1m/650016.pkl,650016.0,,0.619,approx_doufeature_td_mc_1m_vs_rlcard_douzero_landlord.csv,landlord,rlcard,two_farmer,farmer_win_rate,0.296,0.704,0.296,500,352,148,rlcard,approx_doufeature:/data/sea_disk0/qianlei/Codes/Fight-the-Landlord/approx_qlearning_checkpoints/approx_doufeature/approx_doufeature_logadp_td_1m/650016.pkl,approx_doufeature:/data/sea_disk0/qianlei/Codes/Fight-the-Landlord/approx_qlearning_checkpoints/approx_doufeature/approx_doufeature_logadp_td_1m/650016.pkl
approx_doufeature_td#1,approx_doufeature_td,td_1m,approx_doufeature,/data/sea_disk0/qianlei/Codes/Fight-the-Landlord/approx_qlearning_checkpoints/approx_doufeature/approx_doufeature_logadp_td_1m/650016.pkl,650016.0,,0.619,approx_doufeature_td_mc_1m_vs_rlcard_douzero_landlord.csv,landlord,random,landlord,landlord_win_rate,0.902,0.902,0.098,500,451,49,approx_doufeature:/data/sea_disk0/qianlei/Codes/Fight-the-Landlord/approx_qlearning_checkpoints/approx_doufeature/approx_doufeature_logadp_td_1m/650016.pkl,random,random
approx_doufeature_td#1,approx_doufeature_td,td_1m,approx_doufeature,/data/sea_disk0/qianlei/Codes/Fight-the-Landlord/approx_qlearning_checkpoints/approx_doufeature/approx_doufeature_logadp_td_1m/650016.pkl,650016.0,,0.619,approx_doufeature_td_mc_1m_vs_rlcard_douzero_landlord.csv,landlord,random,farmer1,farmer_win_rate,0.848,0.152,0.848,500,76,424,random,approx_doufeature:/data/sea_disk0/qianlei/Codes/Fight-the-Landlord/approx_qlearning_checkpoints/approx_doufeature/approx_doufeature_logadp_td_1m/650016.pkl,random
approx_doufeature_td#1,approx_doufeature_td,td_1m,approx_doufeature,/data/sea_disk0/qianlei/Codes/Fight-the-Landlord/approx_qlearning_checkpoints/approx_doufeature/approx_doufeature_logadp_td_1m/650016.pkl,650016.0,,0.619,approx_doufeature_td_mc_1m_vs_rlcard_douzero_landlord.csv,landlord,random,farmer2,farmer_win_rate,0.806,0.194,0.806,500,97,403,random,random,approx_doufeature:/data/sea_disk0/qianlei/Codes/Fight-the-Landlord/approx_qlearning_checkpoints/approx_doufeature/approx_doufeature_logadp_td_1m/650016.pkl
approx_doufeature_td#1,approx_doufeature_td,td_1m,approx_doufeature,/data/sea_disk0/qianlei/Codes/Fight-the-Landlord/approx_qlearning_checkpoints/approx_doufeature/approx_doufeature_logadp_td_1m/650016.pkl,650016.0,,0.619,approx_doufeature_td_mc_1m_vs_rlcard_douzero_landlord.csv,landlord,random,two_farmer,farmer_win_rate,0.908,0.092,0.908,500,46,454,random,approx_doufeature:/data/sea_disk0/qianlei/Codes/Fight-the-Landlord/approx_qlearning_checkpoints/approx_doufeature/approx_doufeature_logadp_td_1m/650016.pkl,approx_doufeature:/data/sea_disk0/qianlei/Codes/Fight-the-Landlord/approx_qlearning_checkpoints/approx_doufeature/approx_doufeature_logadp_td_1m/650016.pkl
approx_doufeature_td#2,approx_doufeature_td,td_1m,approx_doufeature,/data/sea_disk0/qianlei/Codes/Fight-the-Landlord/approx_qlearning_checkpoints/approx_doufeature/approx_doufeature_logadp_td_1m/500000.pkl,500000.0,,0.619,approx_doufeature_td_mc_1m_vs_rlcard_douzero_landlord.csv,landlord,rlcard,landlord,landlord_win_rate,0.596,0.596,0.404,500,298,202,approx_doufeature:/data/sea_disk0/qianlei/Codes/Fight-the-Landlord/approx_qlearning_checkpoints/approx_doufeature/approx_doufeature_logadp_td_1m/500000.pkl,rlcard,rlcard
approx_doufeature_td#2,approx_doufeature_td,td_1m,approx_doufeature,/data/sea_disk0/qianlei/Codes/Fight-the-Landlord/approx_qlearning_checkpoints/approx_doufeature/approx_doufeature_logadp_td_1m/500000.pkl,500000.0,,0.619,approx_doufeature_td_mc_1m_vs_rlcard_douzero_landlord.csv,landlord,rlcard,farmer1,farmer_win_rate,0.574,0.426,0.574,500,213,287,rlcard,approx_doufeature:/data/sea_disk0/qianlei/Codes/Fight-the-Landlord/approx_qlearning_checkpoints/approx_doufeature/approx_doufeature_logadp_td_1m/500000.pkl,rlcard
approx_doufeature_td#2,approx_doufeature_td,td_1m,approx_doufeature,/data/sea_disk0/qianlei/Codes/Fight-the-Landlord/approx_qlearning_checkpoints/approx_doufeature/approx_doufeature_logadp_td_1m/500000.pkl,500000.0,,0.619,approx_doufeature_td_mc_1m_vs_rlcard_douzero_landlord.csv,landlord,rlcard,farmer2,farmer_win_rate,0.408,0.592,0.408,500,296,204,rlcard,rlcard,approx_doufeature:/data/sea_disk0/qianlei/Codes/Fight-the-Landlord/approx_qlearning_checkpoints/approx_doufeature/approx_doufeature_logadp_td_1m/500000.pkl
approx_doufeature_td#2,approx_doufeature_td,td_1m,approx_doufeature,/data/sea_disk0/qianlei/Codes/Fight-the-Landlord/approx_qlearning_checkpoints/approx_doufeature/approx_doufeature_logadp_td_1m/500000.pkl,500000.0,,0.619,approx_doufeature_td_mc_1m_vs_rlcard_douzero_landlord.csv,landlord,rlcard,two_farmer,farmer_win_rate,0.39,0.61,0.39,500,305,195,rlcard,approx_doufeature:/data/sea_disk0/qianlei/Codes/Fight-the-Landlord/approx_qlearning_checkpoints/approx_doufeature/approx_doufeature_logadp_td_1m/500000.pkl,approx_doufeature:/data/sea_disk0/qianlei/Codes/Fight-the-Landlord/approx_qlearning_checkpoints/approx_doufeature/approx_doufeature_logadp_td_1m/500000.pkl
approx_doufeature_td#2,approx_doufeature_td,td_1m,approx_doufeature,/data/sea_disk0/qianlei/Codes/Fight-the-Landlord/approx_qlearning_checkpoints/approx_doufeature/approx_doufeature_logadp_td_1m/500000.pkl,500000.0,,0.619,approx_doufeature_td_mc_1m_vs_rlcard_douzero_landlord.csv,landlord,random,landlord,landlord_win_rate,0.856,0.856,0.144,500,428,72,approx_doufeature:/data/sea_disk0/qianlei/Codes/Fight-the-Landlord/approx_qlearning_checkpoints/approx_doufeature/approx_doufeature_logadp_td_1m/500000.pkl,random,random
approx_doufeature_td#2,approx_doufeature_td,td_1m,approx_doufeature,/data/sea_disk0/qianlei/Codes/Fight-the-Landlord/approx_qlearning_checkpoints/approx_doufeature/approx_doufeature_logadp_td_1m/500000.pkl,500000.0,,0.619,approx_doufeature_td_mc_1m_vs_rlcard_douzero_landlord.csv,landlord,random,farmer1,farmer_win_rate,0.858,0.142,0.858,500,71,429,random,approx_doufeature:/data/sea_disk0/qianlei/Codes/Fight-the-Landlord/approx_qlearning_checkpoints/approx_doufeature/approx_doufeature_logadp_td_1m/500000.pkl,random
approx_doufeature_td#2,approx_doufeature_td,td_1m,approx_doufeature,/data/sea_disk0/qianlei/Codes/Fight-the-Landlord/approx_qlearning_checkpoints/approx_doufeature/approx_doufeature_logadp_td_1m/500000.pkl,500000.0,,0.619,approx_doufeature_td_mc_1m_vs_rlcard_douzero_landlord.csv,landlord,random,farmer2,farmer_win_rate,0.826,0.174,0.826,500,87,413,random,random,approx_doufeature:/data/sea_disk0/qianlei/Codes/Fight-the-Landlord/approx_qlearning_checkpoints/approx_doufeature/approx_doufeature_logadp_td_1m/500000.pkl
approx_doufeature_td#2,approx_doufeature_td,td_1m,approx_doufeature,/data/sea_disk0/qianlei/Codes/Fight-the-Landlord/approx_qlearning_checkpoints/approx_doufeature/approx_doufeature_logadp_td_1m/500000.pkl,500000.0,,0.619,approx_doufeature_td_mc_1m_vs_rlcard_douzero_landlord.csv,landlord,random,two_farmer,farmer_win_rate,0.906,0.094,0.906,500,47,453,random,approx_doufeature:/data/sea_disk0/qianlei/Codes/Fight-the-Landlord/approx_qlearning_checkpoints/approx_doufeature/approx_doufeature_logadp_td_1m/500000.pkl,approx_doufeature:/data/sea_disk0/qianlei/Codes/Fight-the-Landlord/approx_qlearning_checkpoints/approx_doufeature/approx_doufeature_logadp_td_1m/500000.pkl
approx_doufeature_td#3,approx_doufeature_td,td_1m_gamma,approx_doufeature,/data/sea_disk0/qianlei/Codes/Fight-the-Landlord/approx_qlearning_checkpoints/approx_doufeature/approx_doufeature_logadp_td_1m_gamma/400000.pkl,400000.0,,0.61,approx_doufeature_td_1m_gamma_vs_rlcard_douzero_landlord.csv,landlord,rlcard,landlord,landlord_win_rate,0.612,0.612,0.388,500,306,194,approx_doufeature:/data/sea_disk0/qianlei/Codes/Fight-the-Landlord/approx_qlearning_checkpoints/approx_doufeature/approx_doufeature_logadp_td_1m_gamma/400000.pkl,rlcard,rlcard
approx_doufeature_td#3,approx_doufeature_td,td_1m_gamma,approx_doufeature,/data/sea_disk0/qianlei/Codes/Fight-the-Landlord/approx_qlearning_checkpoints/approx_doufeature/approx_doufeature_logadp_td_1m_gamma/400000.pkl,400000.0,,0.61,approx_doufeature_td_1m_gamma_vs_rlcard_douzero_landlord.csv,landlord,rlcard,farmer1,farmer_win_rate,0.546,0.454,0.546,500,227,273,rlcard,approx_doufeature:/data/sea_disk0/qianlei/Codes/Fight-the-Landlord/approx_qlearning_checkpoints/approx_doufeature/approx_doufeature_logadp_td_1m_gamma/400000.pkl,rlcard
approx_doufeature_td#3,approx_doufeature_td,td_1m_gamma,approx_doufeature,/data/sea_disk0/qianlei/Codes/Fight-the-Landlord/approx_qlearning_checkpoints/approx_doufeature/approx_doufeature_logadp_td_1m_gamma/400000.pkl,400000.0,,0.61,approx_doufeature_td_1m_gamma_vs_rlcard_douzero_landlord.csv,landlord,rlcard,farmer2,farmer_win_rate,0.472,0.528,0.472,500,264,236,rlcard,rlcard,approx_doufeature:/data/sea_disk0/qianlei/Codes/Fight-the-Landlord/approx_qlearning_checkpoints/approx_doufeature/approx_doufeature_logadp_td_1m_gamma/400000.pkl
approx_doufeature_td#3,approx_doufeature_td,td_1m_gamma,approx_doufeature,/data/sea_disk0/qianlei/Codes/Fight-the-Landlord/approx_qlearning_checkpoints/approx_doufeature/approx_doufeature_logadp_td_1m_gamma/400000.pkl,400000.0,,0.61,approx_doufeature_td_1m_gamma_vs_rlcard_douzero_landlord.csv,landlord,rlcard,two_farmer,farmer_win_rate,0.474,0.526,0.474,500,263,237,rlcard,approx_doufeature:/data/sea_disk0/qianlei/Codes/Fight-the-Landlord/approx_qlearning_checkpoints/approx_doufeature/approx_doufeature_logadp_td_1m_gamma/400000.pkl,approx_doufeature:/data/sea_disk0/qianlei/Codes/Fight-the-Landlord/approx_qlearning_checkpoints/approx_doufeature/approx_doufeature_logadp_td_1m_gamma/400000.pkl
approx_doufeature_td#3,approx_doufeature_td,td_1m_gamma,approx_doufeature,/data/sea_disk0/qianlei/Codes/Fight-the-Landlord/approx_qlearning_checkpoints/approx_doufeature/approx_doufeature_logadp_td_1m_gamma/400000.pkl,400000.0,,0.61,approx_doufeature_td_1m_gamma_vs_rlcard_douzero_landlord.csv,landlord,random,landlord,landlord_win_rate,0.868,0.868,0.132,500,434,66,approx_doufeature:/data/sea_disk0/qianlei/Codes/Fight-the-Landlord/approx_qlearning_checkpoints/approx_doufeature/approx_doufeature_logadp_td_1m_gamma/400000.pkl,random,random
approx_doufeature_td#3,approx_doufeature_td,td_1m_gamma,approx_doufeature,/data/sea_disk0/qianlei/Codes/Fight-the-Landlord/approx_qlearning_checkpoints/approx_doufeature/approx_doufeature_logadp_td_1m_gamma/400000.pkl,400000.0,,0.61,approx_doufeature_td_1m_gamma_vs_rlcard_douzero_landlord.csv,landlord,random,farmer1,farmer_win_rate,0.858,0.142,0.858,500,71,429,random,approx_doufeature:/data/sea_disk0/qianlei/Codes/Fight-the-Landlord/approx_qlearning_checkpoints/approx_doufeature/approx_doufeature_logadp_td_1m_gamma/400000.pkl,random
approx_doufeature_td#3,approx_doufeature_td,td_1m_gamma,approx_doufeature,/data/sea_disk0/qianlei/Codes/Fight-the-Landlord/approx_qlearning_checkpoints/approx_doufeature/approx_doufeature_logadp_td_1m_gamma/400000.pkl,400000.0,,0.61,approx_doufeature_td_1m_gamma_vs_rlcard_douzero_landlord.csv,landlord,random,farmer2,farmer_win_rate,0.872,0.128,0.872,500,64,436,random,random,approx_doufeature:/data/sea_disk0/qianlei/Codes/Fight-the-Landlord/approx_qlearning_checkpoints/approx_doufeature/approx_doufeature_logadp_td_1m_gamma/400000.pkl
approx_doufeature_td#3,approx_doufeature_td,td_1m_gamma,approx_doufeature,/data/sea_disk0/qianlei/Codes/Fight-the-Landlord/approx_qlearning_checkpoints/approx_doufeature/approx_doufeature_logadp_td_1m_gamma/400000.pkl,400000.0,,0.61,approx_doufeature_td_1m_gamma_vs_rlcard_douzero_landlord.csv,landlord,random,two_farmer,farmer_win_rate,0.926,0.074,0.926,500,37,463,random,approx_doufeature:/data/sea_disk0/qianlei/Codes/Fight-the-Landlord/approx_qlearning_checkpoints/approx_doufeature/approx_doufeature_logadp_td_1m_gamma/400000.pkl,approx_doufeature:/data/sea_disk0/qianlei/Codes/Fight-the-Landlord/approx_qlearning_checkpoints/approx_doufeature/approx_doufeature_logadp_td_1m_gamma/400000.pkl
approxq_douzero#1,approxq_douzero,approxq,approxq,/data/sea_disk0/qianlei/Codes/Fight-the-Landlord/approx_qlearning_checkpoints/approx_qlearning/approxq_logadp_cmp_1m_history/750000.pkl,772500.0,,0.722,finetune_compare_landlord.csv,landlord,rlcard,landlord,landlord_win_rate,0.716,0.716,0.284,500,358,142,approxq:/data/sea_disk0/qianlei/Codes/Fight-the-Landlord/approx_qlearning_checkpoints/approx_qlearning/approxq_logadp_cmp_1m_history/750000.pkl,rlcard,rlcard
approxq_douzero#1,approxq_douzero,approxq,approxq,/data/sea_disk0/qianlei/Codes/Fight-the-Landlord/approx_qlearning_checkpoints/approx_qlearning/approxq_logadp_cmp_1m_history/750000.pkl,772500.0,,0.722,finetune_compare_landlord.csv,landlord,rlcard,farmer1,farmer_win_rate,0.49,0.51,0.49,500,255,245,rlcard,approxq:/data/sea_disk0/qianlei/Codes/Fight-the-Landlord/approx_qlearning_checkpoints/approx_qlearning/approxq_logadp_cmp_1m_history/750000.pkl,rlcard
approxq_douzero#1,approxq_douzero,approxq,approxq,/data/sea_disk0/qianlei/Codes/Fight-the-Landlord/approx_qlearning_checkpoints/approx_qlearning/approxq_logadp_cmp_1m_history/750000.pkl,772500.0,,0.722,finetune_compare_landlord.csv,landlord,rlcard,farmer2,farmer_win_rate,0.454,0.546,0.454,500,273,227,rlcard,rlcard,approxq:/data/sea_disk0/qianlei/Codes/Fight-the-Landlord/approx_qlearning_checkpoints/approx_qlearning/approxq_logadp_cmp_1m_history/750000.pkl
approxq_douzero#1,approxq_douzero,approxq,approxq,/data/sea_disk0/qianlei/Codes/Fight-the-Landlord/approx_qlearning_checkpoints/approx_qlearning/approxq_logadp_cmp_1m_history/750000.pkl,772500.0,,0.722,finetune_compare_landlord.csv,landlord,rlcard,two_farmer,farmer_win_rate,0.17,0.83,0.17,500,415,85,rlcard,approxq:/data/sea_disk0/qianlei/Codes/Fight-the-Landlord/approx_qlearning_checkpoints/approx_qlearning/approxq_logadp_cmp_1m_history/750000.pkl,approxq:/data/sea_disk0/qianlei/Codes/Fight-the-Landlord/approx_qlearning_checkpoints/approx_qlearning/approxq_logadp_cmp_1m_history/750000.pkl
approxq_douzero#1,approxq_douzero,approxq,approxq,/data/sea_disk0/qianlei/Codes/Fight-the-Landlord/approx_qlearning_checkpoints/approx_qlearning/approxq_logadp_cmp_1m_history/750000.pkl,772500.0,,0.722,finetune_compare_landlord.csv,landlord,random,landlord,landlord_win_rate,0.952,0.952,0.048,500,476,24,approxq:/data/sea_disk0/qianlei/Codes/Fight-the-Landlord/approx_qlearning_checkpoints/approx_qlearning/approxq_logadp_cmp_1m_history/750000.pkl,random,random
approxq_douzero#1,approxq_douzero,approxq,approxq,/data/sea_disk0/qianlei/Codes/Fight-the-Landlord/approx_qlearning_checkpoints/approx_qlearning/approxq_logadp_cmp_1m_history/750000.pkl,772500.0,,0.722,finetune_compare_landlord.csv,landlord,random,farmer1,farmer_win_rate,0.852,0.148,0.852,500,74,426,random,approxq:/data/sea_disk0/qianlei/Codes/Fight-the-Landlord/approx_qlearning_checkpoints/approx_qlearning/approxq_logadp_cmp_1m_history/750000.pkl,random
approxq_douzero#1,approxq_douzero,approxq,approxq,/data/sea_disk0/qianlei/Codes/Fight-the-Landlord/approx_qlearning_checkpoints/approx_qlearning/approxq_logadp_cmp_1m_history/750000.pkl,772500.0,,0.722,finetune_compare_landlord.csv,landlord,random,farmer2,farmer_win_rate,0.82,0.18,0.82,500,90,410,random,random,approxq:/data/sea_disk0/qianlei/Codes/Fight-the-Landlord/approx_qlearning_checkpoints/approx_qlearning/approxq_logadp_cmp_1m_history/750000.pkl
approxq_douzero#1,approxq_douzero,approxq,approxq,/data/sea_disk0/qianlei/Codes/Fight-the-Landlord/approx_qlearning_checkpoints/approx_qlearning/approxq_logadp_cmp_1m_history/750000.pkl,772500.0,,0.722,finetune_compare_landlord.csv,landlord,random,two_farmer,farmer_win_rate,0.878,0.122,0.878,500,61,439,random,approxq:/data/sea_disk0/qianlei/Codes/Fight-the-Landlord/approx_qlearning_checkpoints/approx_qlearning/approxq_logadp_cmp_1m_history/750000.pkl,approxq:/data/sea_disk0/qianlei/Codes/Fight-the-Landlord/approx_qlearning_checkpoints/approx_qlearning/approxq_logadp_cmp_1m_history/750000.pkl
approxq_douzero#2,approxq_douzero,approxq,approxq,/data/sea_disk0/qianlei/Codes/Fight-the-Landlord/approx_qlearning_checkpoints/approx_qlearning/approxq_logadp_cmp_1m_history/750000.pkl,755000.0,,0.719,finetune_compare_landlord.csv,landlord,rlcard,landlord,landlord_win_rate,0.72,0.72,0.28,500,360,140,approxq:/data/sea_disk0/qianlei/Codes/Fight-the-Landlord/approx_qlearning_checkpoints/approx_qlearning/approxq_logadp_cmp_1m_history/750000.pkl,rlcard,rlcard
approxq_douzero#2,approxq_douzero,approxq,approxq,/data/sea_disk0/qianlei/Codes/Fight-the-Landlord/approx_qlearning_checkpoints/approx_qlearning/approxq_logadp_cmp_1m_history/750000.pkl,755000.0,,0.719,finetune_compare_landlord.csv,landlord,rlcard,farmer1,farmer_win_rate,0.494,0.506,0.494,500,253,247,rlcard,approxq:/data/sea_disk0/qianlei/Codes/Fight-the-Landlord/approx_qlearning_checkpoints/approx_qlearning/approxq_logadp_cmp_1m_history/750000.pkl,rlcard
approxq_douzero#2,approxq_douzero,approxq,approxq,/data/sea_disk0/qianlei/Codes/Fight-the-Landlord/approx_qlearning_checkpoints/approx_qlearning/approxq_logadp_cmp_1m_history/750000.pkl,755000.0,,0.719,finetune_compare_landlord.csv,landlord,rlcard,farmer2,farmer_win_rate,0.444,0.556,0.444,500,278,222,rlcard,rlcard,approxq:/data/sea_disk0/qianlei/Codes/Fight-the-Landlord/approx_qlearning_checkpoints/approx_qlearning/approxq_logadp_cmp_1m_history/750000.pkl
approxq_douzero#2,approxq_douzero,approxq,approxq,/data/sea_disk0/qianlei/Codes/Fight-the-Landlord/approx_qlearning_checkpoints/approx_qlearning/approxq_logadp_cmp_1m_history/750000.pkl,755000.0,,0.719,finetune_compare_landlord.csv,landlord,rlcard,two_farmer,farmer_win_rate,0.17,0.83,0.17,500,415,85,rlcard,approxq:/data/sea_disk0/qianlei/Codes/Fight-the-Landlord/approx_qlearning_checkpoints/approx_qlearning/approxq_logadp_cmp_1m_history/750000.pkl,approxq:/data/sea_disk0/qianlei/Codes/Fight-the-Landlord/approx_qlearning_checkpoints/approx_qlearning/approxq_logadp_cmp_1m_history/750000.pkl
approxq_douzero#2,approxq_douzero,approxq,approxq,/data/sea_disk0/qianlei/Codes/Fight-the-Landlord/approx_qlearning_checkpoints/approx_qlearning/approxq_logadp_cmp_1m_history/750000.pkl,755000.0,,0.719,finetune_compare_landlord.csv,landlord,random,landlord,landlord_win_rate,0.952,0.952,0.048,500,476,24,approxq:/data/sea_disk0/qianlei/Codes/Fight-the-Landlord/approx_qlearning_checkpoints/approx_qlearning/approxq_logadp_cmp_1m_history/750000.pkl,random,random
approxq_douzero#2,approxq_douzero,approxq,approxq,/data/sea_disk0/qianlei/Codes/Fight-the-Landlord/approx_qlearning_checkpoints/approx_qlearning/approxq_logadp_cmp_1m_history/750000.pkl,755000.0,,0.719,finetune_compare_landlord.csv,landlord,random,farmer1,farmer_win_rate,0.858,0.142,0.858,500,71,429,random,approxq:/data/sea_disk0/qianlei/Codes/Fight-the-Landlord/approx_qlearning_checkpoints/approx_qlearning/approxq_logadp_cmp_1m_history/750000.pkl,random
approxq_douzero#2,approxq_douzero,approxq,approxq,/data/sea_disk0/qianlei/Codes/Fight-the-Landlord/approx_qlearning_checkpoints/approx_qlearning/approxq_logadp_cmp_1m_history/750000.pkl,755000.0,,0.719,finetune_compare_landlord.csv,landlord,random,farmer2,farmer_win_rate,0.818,0.182,0.818,500,91,409,random,random,approxq:/data/sea_disk0/qianlei/Codes/Fight-the-Landlord/approx_qlearning_checkpoints/approx_qlearning/approxq_logadp_cmp_1m_history/750000.pkl
approxq_douzero#2,approxq_douzero,approxq,approxq,/data/sea_disk0/qianlei/Codes/Fight-the-Landlord/approx_qlearning_checkpoints/approx_qlearning/approxq_logadp_cmp_1m_history/750000.pkl,755000.0,,0.719,finetune_compare_landlord.csv,landlord,random,two_farmer,farmer_win_rate,0.872,0.128,0.872,500,64,436,random,approxq:/data/sea_disk0/qianlei/Codes/Fight-the-Landlord/approx_qlearning_checkpoints/approx_qlearning/approxq_logadp_cmp_1m_history/750000.pkl,approxq:/data/sea_disk0/qianlei/Codes/Fight-the-Landlord/approx_qlearning_checkpoints/approx_qlearning/approxq_logadp_cmp_1m_history/750000.pkl
approxq_douzero#3,approxq_douzero,approxq,approxq,/data/sea_disk0/qianlei/Codes/Fight-the-Landlord/approx_qlearning_checkpoints/approx_qlearning/approxq_logadp_cmp_1m_history/800000.pkl,795000.0,,0.718,finetune_compare_landlord.csv,landlord,rlcard,landlord,landlord_win_rate,0.268,0.268,0.732,500,134,366,approxq:/data/sea_disk0/qianlei/Codes/Fight-the-Landlord/approx_qlearning_checkpoints/approx_qlearning/approxq_logadp_cmp_1m_history/800000.pkl,rlcard,rlcard
approxq_douzero#3,approxq_douzero,approxq,approxq,/data/sea_disk0/qianlei/Codes/Fight-the-Landlord/approx_qlearning_checkpoints/approx_qlearning/approxq_logadp_cmp_1m_history/800000.pkl,795000.0,,0.718,finetune_compare_landlord.csv,landlord,rlcard,farmer1,farmer_win_rate,0.448,0.552,0.448,500,276,224,rlcard,approxq:/data/sea_disk0/qianlei/Codes/Fight-the-Landlord/approx_qlearning_checkpoints/approx_qlearning/approxq_logadp_cmp_1m_history/800000.pkl,rlcard
approxq_douzero#3,approxq_douzero,approxq,approxq,/data/sea_disk0/qianlei/Codes/Fight-the-Landlord/approx_qlearning_checkpoints/approx_qlearning/approxq_logadp_cmp_1m_history/800000.pkl,795000.0,,0.718,finetune_compare_landlord.csv,landlord,rlcard,farmer2,farmer_win_rate,0.44,0.56,0.44,500,280,220,rlcard,rlcard,approxq:/data/sea_disk0/qianlei/Codes/Fight-the-Landlord/approx_qlearning_checkpoints/approx_qlearning/approxq_logadp_cmp_1m_history/800000.pkl
approxq_douzero#3,approxq_douzero,approxq,approxq,/data/sea_disk0/qianlei/Codes/Fight-the-Landlord/approx_qlearning_checkpoints/approx_qlearning/approxq_logadp_cmp_1m_history/800000.pkl,795000.0,,0.718,finetune_compare_landlord.csv,landlord,rlcard,two_farmer,farmer_win_rate,0.03,0.97,0.03,500,485,15,rlcard,approxq:/data/sea_disk0/qianlei/Codes/Fight-the-Landlord/approx_qlearning_checkpoints/approx_qlearning/approxq_logadp_cmp_1m_history/800000.pkl,approxq:/data/sea_disk0/qianlei/Codes/Fight-the-Landlord/approx_qlearning_checkpoints/approx_qlearning/approxq_logadp_cmp_1m_history/800000.pkl
approxq_douzero#3,approxq_douzero,approxq,approxq,/data/sea_disk0/qianlei/Codes/Fight-the-Landlord/approx_qlearning_checkpoints/approx_qlearning/approxq_logadp_cmp_1m_history/800000.pkl,795000.0,,0.718,finetune_compare_landlord.csv,landlord,random,landlord,landlord_win_rate,0.654,0.654,0.346,500,327,173,approxq:/data/sea_disk0/qianlei/Codes/Fight-the-Landlord/approx_qlearning_checkpoints/approx_qlearning/approxq_logadp_cmp_1m_history/800000.pkl,random,random
approxq_douzero#3,approxq_douzero,approxq,approxq,/data/sea_disk0/qianlei/Codes/Fight-the-Landlord/approx_qlearning_checkpoints/approx_qlearning/approxq_logadp_cmp_1m_history/800000.pkl,795000.0,,0.718,finetune_compare_landlord.csv,landlord,random,farmer1,farmer_win_rate,0.75,0.25,0.75,500,125,375,random,approxq:/data/sea_disk0/qianlei/Codes/Fight-the-Landlord/approx_qlearning_checkpoints/approx_qlearning/approxq_logadp_cmp_1m_history/800000.pkl,random
approxq_douzero#3,approxq_douzero,approxq,approxq,/data/sea_disk0/qianlei/Codes/Fight-the-Landlord/approx_qlearning_checkpoints/approx_qlearning/approxq_logadp_cmp_1m_history/800000.pkl,795000.0,,0.718,finetune_compare_landlord.csv,landlord,random,farmer2,farmer_win_rate,0.738,0.262,0.738,500,131,369,random,random,approxq:/data/sea_disk0/qianlei/Codes/Fight-the-Landlord/approx_qlearning_checkpoints/approx_qlearning/approxq_logadp_cmp_1m_history/800000.pkl
approxq_douzero#3,approxq_douzero,approxq,approxq,/data/sea_disk0/qianlei/Codes/Fight-the-Landlord/approx_qlearning_checkpoints/approx_qlearning/approxq_logadp_cmp_1m_history/800000.pkl,795000.0,,0.718,finetune_compare_landlord.csv,landlord,random,two_farmer,farmer_win_rate,0.632,0.368,0.632,500,184,316,random,approxq:/data/sea_disk0/qianlei/Codes/Fight-the-Landlord/approx_qlearning_checkpoints/approx_qlearning/approxq_logadp_cmp_1m_history/800000.pkl,approxq:/data/sea_disk0/qianlei/Codes/Fight-the-Landlord/approx_qlearning_checkpoints/approx_qlearning/approxq_logadp_cmp_1m_history/800000.pkl
attention_dou#1,attention_dou,attention_dou,attention_dou,/data/sea_disk0/qianlei/Codes/Fight-the-Landlord/attention_dou_checkpoints/attention_dou/attention_dou_logadp_mc_adv_buffer_1m_fast/950000.pkl,950000.0,44300800.0,0.636,attention_dou_vs_rlcard_douzero_landlord_frames.csv,landlord,rlcard,landlord,landlord_win_rate,0.624,0.624,0.376,500,312,188,attention_dou:/data/sea_disk0/qianlei/Codes/Fight-the-Landlord/attention_dou_checkpoints/attention_dou/attention_dou_logadp_mc_adv_buffer_1m_fast/950000.pkl,rlcard,rlcard
attention_dou#1,attention_dou,attention_dou,attention_dou,/data/sea_disk0/qianlei/Codes/Fight-the-Landlord/attention_dou_checkpoints/attention_dou/attention_dou_logadp_mc_adv_buffer_1m_fast/950000.pkl,950000.0,44300800.0,0.636,attention_dou_vs_rlcard_douzero_landlord_frames.csv,landlord,rlcard,farmer1,farmer_win_rate,0.506,0.494,0.506,500,247,253,rlcard,attention_dou:/data/sea_disk0/qianlei/Codes/Fight-the-Landlord/attention_dou_checkpoints/attention_dou/attention_dou_logadp_mc_adv_buffer_1m_fast/950000.pkl,rlcard
attention_dou#1,attention_dou,attention_dou,attention_dou,/data/sea_disk0/qianlei/Codes/Fight-the-Landlord/attention_dou_checkpoints/attention_dou/attention_dou_logadp_mc_adv_buffer_1m_fast/950000.pkl,950000.0,44300800.0,0.636,attention_dou_vs_rlcard_douzero_landlord_frames.csv,landlord,rlcard,farmer2,farmer_win_rate,0.57,0.43,0.57,500,215,285,rlcard,rlcard,attention_dou:/data/sea_disk0/qianlei/Codes/Fight-the-Landlord/attention_dou_checkpoints/attention_dou/attention_dou_logadp_mc_adv_buffer_1m_fast/950000.pkl
attention_dou#1,attention_dou,attention_dou,attention_dou,/data/sea_disk0/qianlei/Codes/Fight-the-Landlord/attention_dou_checkpoints/attention_dou/attention_dou_logadp_mc_adv_buffer_1m_fast/950000.pkl,950000.0,44300800.0,0.636,attention_dou_vs_rlcard_douzero_landlord_frames.csv,landlord,rlcard,two_farmer,farmer_win_rate,0.476,0.524,0.476,500,262,238,rlcard,attention_dou:/data/sea_disk0/qianlei/Codes/Fight-the-Landlord/attention_dou_checkpoints/attention_dou/attention_dou_logadp_mc_adv_buffer_1m_fast/950000.pkl,attention_dou:/data/sea_disk0/qianlei/Codes/Fight-the-Landlord/attention_dou_checkpoints/attention_dou/attention_dou_logadp_mc_adv_buffer_1m_fast/950000.pkl
attention_dou#1,attention_dou,attention_dou,attention_dou,/data/sea_disk0/qianlei/Codes/Fight-the-Landlord/attention_dou_checkpoints/attention_dou/attention_dou_logadp_mc_adv_buffer_1m_fast/950000.pkl,950000.0,44300800.0,0.636,attention_dou_vs_rlcard_douzero_landlord_frames.csv,landlord,random,landlord,landlord_win_rate,0.95,0.95,0.05,500,475,25,attention_dou:/data/sea_disk0/qianlei/Codes/Fight-the-Landlord/attention_dou_checkpoints/attention_dou/attention_dou_logadp_mc_adv_buffer_1m_fast/950000.pkl,random,random
attention_dou#1,attention_dou,attention_dou,attention_dou,/data/sea_disk0/qianlei/Codes/Fight-the-Landlord/attention_dou_checkpoints/attention_dou/attention_dou_logadp_mc_adv_buffer_1m_fast/950000.pkl,950000.0,44300800.0,0.636,attention_dou_vs_rlcard_douzero_landlord_frames.csv,landlord,random,farmer1,farmer_win_rate,0.82,0.18,0.82,500,90,410,random,attention_dou:/data/sea_disk0/qianlei/Codes/Fight-the-Landlord/attention_dou_checkpoints/attention_dou/attention_dou_logadp_mc_adv_buffer_1m_fast/950000.pkl,random
attention_dou#1,attention_dou,attention_dou,attention_dou,/data/sea_disk0/qianlei/Codes/Fight-the-Landlord/attention_dou_checkpoints/attention_dou/attention_dou_logadp_mc_adv_buffer_1m_fast/950000.pkl,950000.0,44300800.0,0.636,attention_dou_vs_rlcard_douzero_landlord_frames.csv,landlord,random,farmer2,farmer_win_rate,0.912,0.088,0.912,500,44,456,random,random,attention_dou:/data/sea_disk0/qianlei/Codes/Fight-the-Landlord/attention_dou_checkpoints/attention_dou/attention_dou_logadp_mc_adv_buffer_1m_fast/950000.pkl
attention_dou#1,attention_dou,attention_dou,attention_dou,/data/sea_disk0/qianlei/Codes/Fight-the-Landlord/attention_dou_checkpoints/attention_dou/attention_dou_logadp_mc_adv_buffer_1m_fast/950000.pkl,950000.0,44300800.0,0.636,attention_dou_vs_rlcard_douzero_landlord_frames.csv,landlord,random,two_farmer,farmer_win_rate,0.948,0.052,0.948,500,26,474,random,attention_dou:/data/sea_disk0/qianlei/Codes/Fight-the-Landlord/attention_dou_checkpoints/attention_dou/attention_dou_logadp_mc_adv_buffer_1m_fast/950000.pkl,attention_dou:/data/sea_disk0/qianlei/Codes/Fight-the-Landlord/attention_dou_checkpoints/attention_dou/attention_dou_logadp_mc_adv_buffer_1m_fast/950000.pkl
attention_dou#2,attention_dou,attention_dou,attention_dou,/data/sea_disk0/qianlei/Codes/Fight-the-Landlord/attention_dou_checkpoints/attention_dou/attention_dou_logadp_mc_adv_buffer_1m_fast/1000000.pkl,1000000.0,46438400.0,0.634,attention_dou_vs_rlcard_douzero_landlord_frames.csv,landlord,rlcard,landlord,landlord_win_rate,0.628,0.628,0.372,500,314,186,attention_dou:/data/sea_disk0/qianlei/Codes/Fight-the-Landlord/attention_dou_checkpoints/attention_dou/attention_dou_logadp_mc_adv_buffer_1m_fast/1000000.pkl,rlcard,rlcard
attention_dou#2,attention_dou,attention_dou,attention_dou,/data/sea_disk0/qianlei/Codes/Fight-the-Landlord/attention_dou_checkpoints/attention_dou/attention_dou_logadp_mc_adv_buffer_1m_fast/1000000.pkl,1000000.0,46438400.0,0.634,attention_dou_vs_rlcard_douzero_landlord_frames.csv,landlord,rlcard,farmer1,farmer_win_rate,0.468,0.532,0.468,500,266,234,rlcard,attention_dou:/data/sea_disk0/qianlei/Codes/Fight-the-Landlord/attention_dou_checkpoints/attention_dou/attention_dou_logadp_mc_adv_buffer_1m_fast/1000000.pkl,rlcard
attention_dou#2,attention_dou,attention_dou,attention_dou,/data/sea_disk0/qianlei/Codes/Fight-the-Landlord/attention_dou_checkpoints/attention_dou/attention_dou_logadp_mc_adv_buffer_1m_fast/1000000.pkl,1000000.0,46438400.0,0.634,attention_dou_vs_rlcard_douzero_landlord_frames.csv,landlord,rlcard,farmer2,farmer_win_rate,0.556,0.444,0.556,500,222,278,rlcard,rlcard,attention_dou:/data/sea_disk0/qianlei/Codes/Fight-the-Landlord/attention_dou_checkpoints/attention_dou/attention_dou_logadp_mc_adv_buffer_1m_fast/1000000.pkl
attention_dou#2,attention_dou,attention_dou,attention_dou,/data/sea_disk0/qianlei/Codes/Fight-the-Landlord/attention_dou_checkpoints/attention_dou/attention_dou_logadp_mc_adv_buffer_1m_fast/1000000.pkl,1000000.0,46438400.0,0.634,attention_dou_vs_rlcard_douzero_landlord_frames.csv,landlord,rlcard,two_farmer,farmer_win_rate,0.434,0.566,0.434,500,283,217,rlcard,attention_dou:/data/sea_disk0/qianlei/Codes/Fight-the-Landlord/attention_dou_checkpoints/attention_dou/attention_dou_logadp_mc_adv_buffer_1m_fast/1000000.pkl,attention_dou:/data/sea_disk0/qianlei/Codes/Fight-the-Landlord/attention_dou_checkpoints/attention_dou/attention_dou_logadp_mc_adv_buffer_1m_fast/1000000.pkl
attention_dou#2,attention_dou,attention_dou,attention_dou,/data/sea_disk0/qianlei/Codes/Fight-the-Landlord/attention_dou_checkpoints/attention_dou/attention_dou_logadp_mc_adv_buffer_1m_fast/1000000.pkl,1000000.0,46438400.0,0.634,attention_dou_vs_rlcard_douzero_landlord_frames.csv,landlord,random,landlord,landlord_win_rate,0.946,0.946,0.054,500,473,27,attention_dou:/data/sea_disk0/qianlei/Codes/Fight-the-Landlord/attention_dou_checkpoints/attention_dou/attention_dou_logadp_mc_adv_buffer_1m_fast/1000000.pkl,random,random
attention_dou#2,attention_dou,attention_dou,attention_dou,/data/sea_disk0/qianlei/Codes/Fight-the-Landlord/attention_dou_checkpoints/attention_dou/attention_dou_logadp_mc_adv_buffer_1m_fast/1000000.pkl,1000000.0,46438400.0,0.634,attention_dou_vs_rlcard_douzero_landlord_frames.csv,landlord,random,farmer1,farmer_win_rate,0.776,0.224,0.776,500,112,388,random,attention_dou:/data/sea_disk0/qianlei/Codes/Fight-the-Landlord/attention_dou_checkpoints/attention_dou/attention_dou_logadp_mc_adv_buffer_1m_fast/1000000.pkl,random
attention_dou#2,attention_dou,attention_dou,attention_dou,/data/sea_disk0/qianlei/Codes/Fight-the-Landlord/attention_dou_checkpoints/attention_dou/attention_dou_logadp_mc_adv_buffer_1m_fast/1000000.pkl,1000000.0,46438400.0,0.634,attention_dou_vs_rlcard_douzero_landlord_frames.csv,landlord,random,farmer2,farmer_win_rate,0.914,0.086,0.914,500,43,457,random,random,attention_dou:/data/sea_disk0/qianlei/Codes/Fight-the-Landlord/attention_dou_checkpoints/attention_dou/attention_dou_logadp_mc_adv_buffer_1m_fast/1000000.pkl
attention_dou#2,attention_dou,attention_dou,attention_dou,/data/sea_disk0/qianlei/Codes/Fight-the-Landlord/attention_dou_checkpoints/attention_dou/attention_dou_logadp_mc_adv_buffer_1m_fast/1000000.pkl,1000000.0,46438400.0,0.634,attention_dou_vs_rlcard_douzero_landlord_frames.csv,landlord,random,two_farmer,farmer_win_rate,0.94,0.06,0.94,500,30,470,random,attention_dou:/data/sea_disk0/qianlei/Codes/Fight-the-Landlord/attention_dou_checkpoints/attention_dou/attention_dou_logadp_mc_adv_buffer_1m_fast/1000000.pkl,attention_dou:/data/sea_disk0/qianlei/Codes/Fight-the-Landlord/attention_dou_checkpoints/attention_dou/attention_dou_logadp_mc_adv_buffer_1m_fast/1000000.pkl
attention_dou#3,attention_dou,attention_dou,attention_dou,/data/sea_disk0/qianlei/Codes/Fight-the-Landlord/attention_dou_checkpoints/attention_dou/attention_dou_logadp_mc_adv_buffer_1m_fast/900000.pkl,900000.0,42166400.0,0.618,attention_dou_vs_rlcard_douzero_landlord_frames.csv,landlord,rlcard,landlord,landlord_win_rate,0.604,0.604,0.396,500,302,198,attention_dou:/data/sea_disk0/qianlei/Codes/Fight-the-Landlord/attention_dou_checkpoints/attention_dou/attention_dou_logadp_mc_adv_buffer_1m_fast/900000.pkl,rlcard,rlcard
attention_dou#3,attention_dou,attention_dou,attention_dou,/data/sea_disk0/qianlei/Codes/Fight-the-Landlord/attention_dou_checkpoints/attention_dou/attention_dou_logadp_mc_adv_buffer_1m_fast/900000.pkl,900000.0,42166400.0,0.618,attention_dou_vs_rlcard_douzero_landlord_frames.csv,landlord,rlcard,farmer1,farmer_win_rate,0.49,0.51,0.49,500,255,245,rlcard,attention_dou:/data/sea_disk0/qianlei/Codes/Fight-the-Landlord/attention_dou_checkpoints/attention_dou/attention_dou_logadp_mc_adv_buffer_1m_fast/900000.pkl,rlcard
attention_dou#3,attention_dou,attention_dou,attention_dou,/data/sea_disk0/qianlei/Codes/Fight-the-Landlord/attention_dou_checkpoints/attention_dou/attention_dou_logadp_mc_adv_buffer_1m_fast/900000.pkl,900000.0,42166400.0,0.618,attention_dou_vs_rlcard_douzero_landlord_frames.csv,landlord,rlcard,farmer2,farmer_win_rate,0.53,0.47,0.53,500,235,265,rlcard,rlcard,attention_dou:/data/sea_disk0/qianlei/Codes/Fight-the-Landlord/attention_dou_checkpoints/attention_dou/attention_dou_logadp_mc_adv_buffer_1m_fast/900000.pkl
attention_dou#3,attention_dou,attention_dou,attention_dou,/data/sea_disk0/qianlei/Codes/Fight-the-Landlord/attention_dou_checkpoints/attention_dou/attention_dou_logadp_mc_adv_buffer_1m_fast/900000.pkl,900000.0,42166400.0,0.618,attention_dou_vs_rlcard_douzero_landlord_frames.csv,landlord,rlcard,two_farmer,farmer_win_rate,0.46,0.54,0.46,500,270,230,rlcard,attention_dou:/data/sea_disk0/qianlei/Codes/Fight-the-Landlord/attention_dou_checkpoints/attention_dou/attention_dou_logadp_mc_adv_buffer_1m_fast/900000.pkl,attention_dou:/data/sea_disk0/qianlei/Codes/Fight-the-Landlord/attention_dou_checkpoints/attention_dou/attention_dou_logadp_mc_adv_buffer_1m_fast/900000.pkl
attention_dou#3,attention_dou,attention_dou,attention_dou,/data/sea_disk0/qianlei/Codes/Fight-the-Landlord/attention_dou_checkpoints/attention_dou/attention_dou_logadp_mc_adv_buffer_1m_fast/900000.pkl,900000.0,42166400.0,0.618,attention_dou_vs_rlcard_douzero_landlord_frames.csv,landlord,random,landlord,landlord_win_rate,0.946,0.946,0.054,500,473,27,attention_dou:/data/sea_disk0/qianlei/Codes/Fight-the-Landlord/attention_dou_checkpoints/attention_dou/attention_dou_logadp_mc_adv_buffer_1m_fast/900000.pkl,random,random
attention_dou#3,attention_dou,attention_dou,attention_dou,/data/sea_disk0/qianlei/Codes/Fight-the-Landlord/attention_dou_checkpoints/attention_dou/attention_dou_logadp_mc_adv_buffer_1m_fast/900000.pkl,900000.0,42166400.0,0.618,attention_dou_vs_rlcard_douzero_landlord_frames.csv,landlord,random,farmer1,farmer_win_rate,0.784,0.216,0.784,500,108,392,random,attention_dou:/data/sea_disk0/qianlei/Codes/Fight-the-Landlord/attention_dou_checkpoints/attention_dou/attention_dou_logadp_mc_adv_buffer_1m_fast/900000.pkl,random
attention_dou#3,attention_dou,attention_dou,attention_dou,/data/sea_disk0/qianlei/Codes/Fight-the-Landlord/attention_dou_checkpoints/attention_dou/attention_dou_logadp_mc_adv_buffer_1m_fast/900000.pkl,900000.0,42166400.0,0.618,attention_dou_vs_rlcard_douzero_landlord_frames.csv,landlord,random,farmer2,farmer_win_rate,0.876,0.124,0.876,500,62,438,random,random,attention_dou:/data/sea_disk0/qianlei/Codes/Fight-the-Landlord/attention_dou_checkpoints/attention_dou/attention_dou_logadp_mc_adv_buffer_1m_fast/900000.pkl
attention_dou#3,attention_dou,attention_dou,attention_dou,/data/sea_disk0/qianlei/Codes/Fight-the-Landlord/attention_dou_checkpoints/attention_dou/attention_dou_logadp_mc_adv_buffer_1m_fast/900000.pkl,900000.0,42166400.0,0.618,attention_dou_vs_rlcard_douzero_landlord_frames.csv,landlord,random,two_farmer,farmer_win_rate,0.934,0.066,0.934,500,33,467,random,attention_dou:/data/sea_disk0/qianlei/Codes/Fight-the-Landlord/attention_dou_checkpoints/attention_dou/attention_dou_logadp_mc_adv_buffer_1m_fast/900000.pkl,attention_dou:/data/sea_disk0/qianlei/Codes/Fight-the-Landlord/attention_dou_checkpoints/attention_dou/attention_dou_logadp_mc_adv_buffer_1m_fast/900000.pkl
